order_id;customer_id;order_date;product_id;product_name;product_price;quantity
7ccc8e5870;37eb4;2024-04-01;adbeb;adbeb;797.05;8
8fb7047b3e;be6d8;2024-07-18;b6fa9;b6fa9;106.27;5
d6ea655db2;64704;2024-02-29;c0eb1;c0eb1;15.38;11
ff7a5b1a8f;0848c;2024-06-17;a4b80;a4b80;1596.70;4
f19dfd7b49;c5681;2024-02-27;d6e77;d6e77;1737.27;1
42f7616149;c2b27;2024-06-25;31ef6;31ef6;7294.25;11
6028ddd7f2;920a0;2024-02-17;adbeb;adbeb;573.19;1
85c5f61659;3eda1;2024-06-29;1a0a4;1a0a4;1458.47;7
63a105874b;1cb51;2024-01-22;c1614;c1614;1303.41;6
4832477b66;6e3dd;2024-06-11;d37ce;d37ce;65.91;11
69603b5a45;3eda1;2024-02-29;17511;17511;1631.94;6
50ec985830;a8d5a;2024-04-13;12c8b;12c8b;7.88;2
94b37dedcd;81f4c;2024-01-26;f9d9e;f9d9e;3468.38;7
e6bd0e79c6;ff3a0;2024-02-25;730d3;730d3;2199.26;3
f0319ad090;b4efc;2024-02-26;31ef6;31ef6;1158.61;10
55950e8aed;c51cb;2024-04-29;c0eb1;c0eb1;366.21;2
38bdc03c0c;37eb4;2024-06-06;fa41f;fa41f;865.77;9
d2151aa1b8;58779;2024-07-09;beefd;beefd;3241.75;3
3a99851126;ab8f3;2024-05-22;a4b80;a4b80;530.60;6
09009125ca;dde9a;2024-06-24;9f533;9f533;2553.17;7
c38d84f6d1;9e961;2024-06-23;31ef6;31ef6;3458.56;4
d36a09c251;c6f19;2024-05-13;f5b67;f5b67;2710.33;7
fb748b7a3c;c2b27;2024-05-29;0c30e;0c30e;76.84;11
498a30371b;920a0;2024-02-14;3f21d;3f21d;118.11;1
a004d9fac1;a0276;2024-03-15;730d3;730d3;870.46;10
a7179bf4dd;57d90;2024-03-09;5a1a8;5a1a8;460.70;5
375d6ebd11;9c958;2024-01-25;836ce;836ce;1219.82;9
b5b900480e;1cb51;2024-01-04;e350f;e350f;97.72;11
5dbfee8918;be6d8;2024-05-12;7cb20;7cb20;442.04;10
6359d7aa0d;c2b27;2024-04-09;db710;db710;24.53;6
c89bc1e4ff;9b555;2024-06-27;8917f;8917f;2953.76;11
3c11460f9d;9c958;2024-04-10;3f21d;3f21d;120.48;10
e1fc33d73b;61d66;2024-04-19;a4b80;a4b80;49.30;6
f18d10e155;b4efc;2024-07-11;f5b67;f5b67;5657.81;9
811f71bac5;a0276;2024-05-11;44103;44103;779.53;9
0d5a51c45a;c972c;2024-01-11;a0225;a0225;1419.74;6
27202ec17c;dd7e9;2024-04-11;7f4f3;7f4f3;1425.38;9
3eda6cd2d7;9e961;2024-01-12;2e00d;2e00d;3237.68;7
0a21c30105;0cd45;2024-01-28;f9d9e;f9d9e;3247.41;2
e165cb7f34;bfa74;2024-06-22;e350f;e350f;2913.63;10
618fe0809d;38245;2024-02-18;742c1;742c1;1818.55;9
5de407bb81;4bf21;2024-06-23;db710;db710;3433.19;4
ae39b3b1cb;bfa74;2024-01-17;a362d;a362d;454.46;10
e745dc5b61;f31b3;2024-02-02;e350f;e350f;281.41;7
7a401379df;f75a4;2024-04-05;1cb90;1cb90;731.82;5
5ee253b06e;a137e;2024-05-14;5a1a8;5a1a8;5660.87;4
f0848c6d20;5a96d;2024-04-07;1574c;1574c;4875.53;7
5700d4ec6e;ed771;2024-07-20;2e00d;2e00d;4173.19;10
db0cacc065;25bd5;2024-07-10;c0eb1;c0eb1;6199.17;11
199398dff4;9c958;2024-03-02;3f21d;3f21d;2425.67;9
3c423385ea;c2b27;2024-07-13;2e7d0;2e7d0;52.34;1
b455d8bcda;ab8f3;2024-01-11;3f21d;3f21d;7063.21;3
498a6aec7d;f31b3;2024-04-01;8917f;8917f;1326.09;11
258bd91b81;095de;2024-03-17;730d3;730d3;2278.86;7
1d3c148a50;4bf21;2024-05-13;2e239;2e239;831.06;7
9a33918e02;37eb4;2024-07-04;d6e77;d6e77;1800.94;7
9c42d8a591;a0276;2024-01-30;17511;17511;3284.86;10
ea25635723;701f3;2024-07-29;d37ce;d37ce;2479.95;4
338fa9efad;1cb51;2024-05-09;a4b80;a4b80;72.44;9
1a8bf4c16b;a137e;2024-01-26;12c8b;12c8b;538.75;8
34c013c837;c2b27;2024-07-20;c3aae;c3aae;624.67;3
75589e0d7a;81f4c;2024-06-21;c034e;c034e;373.96;2
f7ec490f6f;dd7e9;2024-01-07;40ca4;40ca4;52.04;9
1121182b60;e40bd;2024-07-07;beefd;beefd;2750.21;6
2f17e4d4cf;ed771;2024-05-04;7cb20;7cb20;1557.67;4
642e04760e;dd7e9;2024-03-28;d6e77;d6e77;4065.19;11
cb1df00b5b;3eda1;2024-02-09;adbeb;adbeb;522.18;7
97bcb1d9e0;37eb4;2024-07-04;40ca4;40ca4;6222.48;10
33d44e6b8a;200a7;2024-01-01;c1614;c1614;47.55;11
a2da6e0b11;64704;2024-03-04;a362d;a362d;1605.95;6
7d3dd4e2d4;be6d8;2024-05-28;adbeb;adbeb;831.84;6
3ae6dd6b97;81f4c;2024-05-05;a362d;a362d;3599.53;5
5e1a99c8b4;81f4c;2024-07-09;1a0a4;1a0a4;2971.94;5
e91c6499fb;920a0;2024-07-27;1cb90;1cb90;3289.97;5
305c061c85;3eda1;2024-06-08;1cb90;1cb90;5055.32;8
ca51fee859;5b130;2024-03-13;adbeb;adbeb;2667.94;9
8b7909f8ee;5a96d;2024-01-16;730d3;730d3;1957.20;8
97ef13816c;095de;2024-02-25;acc4a;acc4a;1494.47;11
6a5adfa7ea;81f4c;2024-01-09;836ce;836ce;909.42;3
92598f1666;9c958;2024-03-08;31ef6;31ef6;1822.85;9
17a70148b1;c5681;2024-05-06;7f4f3;7f4f3;763.74;9
59067869ff;3eda1;2024-04-21;17511;17511;3161.47;2
f64d924627;200a7;2024-07-13;d6e77;d6e77;2275.84;9
7f8bbcfb69;c972c;2024-02-12;e568e;e568e;2625.82;6
d6c399621b;9e961;2024-06-14;44103;44103;1990.31;1
182b93ba07;3eda1;2024-07-04;12c8b;12c8b;619.11;1
1e78c38d28;9e961;2024-05-12;adbeb;adbeb;1776.66;8
e651000d7f;b4efc;2024-03-22;2e00d;2e00d;4722.00;2
be08f3b138;9e961;2024-03-15;318c8;318c8;448.60;9
823c33b77b;ff3a0;2024-01-22;f9d9e;f9d9e;604.61;3
8d9371cb50;be6d8;2024-06-17;d87fe;d87fe;1113.88;6
67aa768484;a0276;2024-03-04;d87fe;d87fe;14.41;10
52392add46;c2b27;2024-06-09;f5b67;f5b67;5891.11;4
09429f60f8;a137e;2024-01-31;9f533;9f533;1017.74;6
140cf77ac5;c972c;2024-01-13;5a1a8;5a1a8;2703.04;7
5588bc7bb8;bfa74;2024-07-13;2e00d;2e00d;434.55;1
be504cdcca;f31b3;2024-02-17;2e239;2e239;1881.97;8
5d4185a7f1;3eda1;2024-01-11;e350f;e350f;1085.31;2
2818aad0d5;6e3dd;2024-01-13;d37ce;d37ce;490.40;10
0ef0eeec4b;b4efc;2024-03-10;100b7;100b7;7416.77;2
6d1c24a977;ed771;2024-06-19;8bb9d;8bb9d;2844.07;9
73f702ac51;5a96d;2024-02-08;b6fa9;b6fa9;1453.37;10
b666d7dafa;1cb51;2024-06-14;100b7;100b7;0.84;10
216c066a95;5f095;2024-07-29;7b192;7b192;804.36;3
8ef9a3eda7;c9773;2024-01-26;f9d9e;f9d9e;6098.40;9
f7a03953d0;4bf21;2024-02-09;40ca4;40ca4;611.09;2
15c1e312f8;37eb4;2024-01-25;0c30e;0c30e;1355.97;8
872459816d;9c958;2024-01-25;7f4f3;7f4f3;835.51;6
04efc5c1ac;ef57b;2024-07-08;7b192;7b192;79.89;4
d528c7bc4a;57d90;2024-03-14;40ca4;40ca4;590.48;4
bda189cc4c;64704;2024-06-28;5a1a8;5a1a8;1283.00;4
50deb7f5f0;701f3;2024-07-29;d6e77;d6e77;804.37;3
c10564a9e4;a0276;2024-02-23;db710;db710;1003.80;6
f8aacca443;58779;2024-01-28;c1614;c1614;4160.98;4
220fccd16f;6e3dd;2024-02-09;c1614;c1614;1170.33;11
28d334391a;c5681;2024-05-17;7cb20;7cb20;43.19;6
007c9aca0c;9c958;2024-02-10;12c8b;12c8b;1350.27;9
e59a1de4e8;c2b27;2024-05-25;318c8;318c8;2955.01;5
d9820243f7;bfa74;2024-05-08;a731d;a731d;443.56;7
5096d6057b;c972c;2024-07-12;54f85;54f85;491.31;9
22755c9c77;38245;2024-01-19;1574c;1574c;81.64;10
64d75a6d3f;9c958;2024-01-14;12c8b;12c8b;4993.53;9
5af9642adc;a0276;2024-03-19;d37ce;d37ce;381.55;10
64bd68dc63;095de;2024-07-10;96398;96398;1817.12;10
3039e809d4;f31b3;2024-04-20;318c8;318c8;6606.40;6
532b7c1f97;014f1;2024-05-20;1574c;1574c;5179.34;9
fa19504a1a;9c958;2024-03-17;fa41f;fa41f;1518.62;7
a93c88300f;bfa74;2024-01-04;8917f;8917f;390.44;4
6df7e22cc6;9c958;2024-03-22;f5b67;f5b67;911.48;2
569b0f0591;be6d8;2024-06-12;d87fe;d87fe;5573.67;7
d49614699a;e40bd;2024-05-12;c034e;c034e;950.20;3
0b3543e966;38245;2024-01-02;ee276;ee276;6109.45;10
4bae194ee5;c51cb;2024-06-17;fa41f;fa41f;7477.37;2
05146336af;dd7e9;2024-02-14;12c8b;12c8b;1160.82;2
4eae2ebc2a;701f3;2024-05-31;beefd;beefd;1535.59;6
d2681e5f8f;5f095;2024-05-29;100b7;100b7;1369.38;11
15058a9cf5;c2b27;2024-07-27;1574c;1574c;1979.00;4
603ddcb6d9;c5681;2024-03-21;d6e77;d6e77;5430.15;1
db92932498;bfa74;2024-04-29;8bb9d;8bb9d;1821.54;1
98be015d44;701f3;2024-01-24;3f21d;3f21d;395.42;10
cf07071a1d;e40bd;2024-05-11;a731d;a731d;6752.33;5
1dc3ec015d;920a0;2024-02-14;c3aae;c3aae;1500.67;3
14a3fa3428;200a7;2024-06-11;12c8b;12c8b;2458.71;10
c01eeebe75;61d66;2024-07-13;cc3b7;cc3b7;3979.26;2
10911bf216;ed771;2024-04-16;8bb9d;8bb9d;880.05;10
721a6fdd9e;38245;2024-02-16;d6e77;d6e77;1348.79;7
6f3660ec54;0cd45;2024-04-23;7f4f3;7f4f3;5572.74;3
9f3f327557;61d66;2024-02-03;7b192;7b192;4307.95;11
60aa9a8ebe;a137e;2024-06-21;c0eb1;c0eb1;371.78;5
77125e46c5;920a0;2024-01-31;a0225;a0225;526.13;7
8f31bd3bba;b4efc;2024-01-13;d6e77;d6e77;1491.59;5
8ac1dcea43;57d90;2024-05-01;9f533;9f533;881.27;3
226f179973;5a96d;2024-02-09;c1614;c1614;1968.23;11
c55fc9cdb4;920a0;2024-06-03;fa41f;fa41f;54.68;5
1f19ebd814;5f095;2024-05-30;d37ce;d37ce;1128.77;3
370b3c5a06;be6d8;2024-06-08;8917f;8917f;2936.25;3
6721ff8fa1;f31b3;2024-07-30;e350f;e350f;6678.76;10
66115bd512;c972c;2024-02-12;a362d;a362d;1474.21;11
14d72de668;bfa74;2024-04-17;8917f;8917f;572.98;8
2e2d497513;6e3dd;2024-02-27;e350f;e350f;3380.52;11
51c7b3afc2;37eb4;2024-04-29;100b7;100b7;433.33;4
baf35a396e;3eda1;2024-01-28;8917f;8917f;4628.54;2
c78c334376;9e961;2024-03-09;c3aae;c3aae;591.68;11
6a028d1e08;dd7e9;2024-07-18;a4b80;a4b80;1525.90;5
33288a556f;ab8f3;2024-04-17;5a1a8;5a1a8;4118.85;9
49a3f72288;c51cb;2024-03-04;54f85;54f85;6295.09;7
fcfd76d4de;b4efc;2024-03-06;c3aae;c3aae;1137.00;4
a3fc220029;bfa74;2024-05-14;ee276;ee276;2345.93;7
060462bdf9;095de;2024-04-06;7f4f3;7f4f3;205.78;10
dbca392a0e;e40bd;2024-01-14;e568e;e568e;3216.87;2
24e1f6f9ab;c51cb;2024-07-17;e350f;e350f;7234.20;7
39c9f66d7e;dd7e9;2024-06-27;9f533;9f533;5336.95;8
8d621922ac;a137e;2024-03-18;7cb20;7cb20;3359.35;11
8767e0a314;a8d5a;2024-02-17;cc3b7;cc3b7;1621.96;1
23e25e428c;64704;2024-04-02;836ce;836ce;212.26;10
63d8f1dc96;61d66;2024-04-18;f5b67;f5b67;518.76;9
2be7dabcc4;920a0;2024-04-14;54f85;54f85;8108.53;6
85341ebb70;ef57b;2024-03-26;a731d;a731d;5132.90;8
50a95af95d;dde9a;2024-02-09;b6fa9;b6fa9;62.08;1
010bd2e0c7;64704;2024-04-19;742c1;742c1;794.48;3
4820374917;ef57b;2024-03-31;40ca4;40ca4;133.35;5
3cb3aa5405;f31b3;2024-05-10;d87fe;d87fe;7143.82;2
b399e1e634;58779;2024-03-19;c034e;c034e;401.53;10
b61cad9bf5;9c958;2024-01-01;318c8;318c8;1103.29;5
02e12b8595;ef57b;2024-06-06;1a0a4;1a0a4;6087.00;5
2b72d41b67;5f095;2024-02-21;1cb90;1cb90;1537.05;6
8db45a2b76;0cd45;2024-02-18;2e239;2e239;2224.80;2
f426ed106a;25bd5;2024-01-10;7f4f3;7f4f3;3232.73;3
4f4f8b328f;64704;2024-02-16;beefd;beefd;272.97;10
732dca9312;9b555;2024-01-05;100b7;100b7;809.04;1
4ceb16799f;9c958;2024-05-27;9f533;9f533;1410.55;1
557bc15e0b;701f3;2024-01-06;40ca4;40ca4;3744.79;2
5daeec1ea6;4bf21;2024-04-05;adbeb;adbeb;4621.28;9
f4d93f623a;bfa74;2024-06-01;c0eb1;c0eb1;5897.72;6
420aef3844;be6d8;2024-06-18;836ce;836ce;3443.11;10
144de13cf7;ef57b;2024-06-28;d37ce;d37ce;1361.43;1
dd0d0ba252;9b555;2024-02-12;318c8;318c8;4652.10;7
35baa93563;c2b27;2024-02-04;f5b67;f5b67;290.83;5
be42abc78c;9c958;2024-03-21;17511;17511;7216.06;1
7ccc9e2eb3;3eda1;2024-06-28;0c30e;0c30e;600.61;2
8c50536b3b;a0276;2024-07-28;9f533;9f533;904.48;5
b60217036e;f31b3;2024-02-09;d6e77;d6e77;1603.16;5
d692db4759;11f4e;2024-01-04;c034e;c034e;3132.68;5
4af35dafaa;9b555;2024-02-06;40ca4;40ca4;920.00;5
fa641add69;c9773;2024-07-21;3f21d;3f21d;939.83;11
2a5ebf107c;4bf21;2024-05-19;e350f;e350f;3218.03;2
8a9d4ef9ff;c51cb;2024-05-21;c1614;c1614;3125.81;10
2ef2aa270e;bfa74;2024-05-14;c0eb1;c0eb1;3945.99;2
3fb8b684b1;81f4c;2024-01-27;d37ce;d37ce;843.43;4
ac92b38f72;c9773;2024-02-07;d6e77;d6e77;1820.74;1
4e0446735c;014f1;2024-05-09;fa41f;fa41f;637.14;3
3959e1f8b5;37eb4;2024-06-13;a0225;a0225;2715.05;5
980db909be;58779;2024-06-22;f9d9e;f9d9e;91.84;3
69f409cfab;c80b2;2024-07-19;fa41f;fa41f;3716.80;4
39a39d77e5;61d66;2024-07-15;730d3;730d3;3596.50;7
67a5833c00;200a7;2024-07-19;730d3;730d3;925.81;11
8b0d0ae44f;61d66;2024-06-28;f9d9e;f9d9e;2961.77;8
14677e2db8;5f095;2024-07-29;acc4a;acc4a;1901.05;1
bde2c5a30c;bfa74;2024-03-08;12c8b;12c8b;1953.91;3
1d938667b9;a8d5a;2024-02-11;a0225;a0225;176.93;10
11d6064377;81f4c;2024-03-30;a0225;a0225;1237.29;7
d1a6829b32;cf403;2024-06-21;f9d9e;f9d9e;4988.69;3
79cbf72ead;64704;2024-07-27;c1614;c1614;4848.79;9
102a600557;f31b3;2024-02-27;96398;96398;3337.06;8
b8a0d17bb1;cf403;2024-01-05;730d3;730d3;3628.67;7
043fa4c823;920a0;2024-03-03;1574c;1574c;3062.15;9
8017ed3c32;dd7e9;2024-06-09;a362d;a362d;6478.29;6
5604407d3c;57d90;2024-06-23;0c30e;0c30e;106.72;6
1ead89ccba;11f4e;2024-07-16;0c30e;0c30e;1192.51;4
99e944a668;11f4e;2024-06-19;7f4f3;7f4f3;547.54;9
e9f5d0e1ae;c9773;2024-04-06;a731d;a731d;2283.47;1
a9024b4903;dde9a;2024-04-17;1a0a4;1a0a4;294.00;6
7611a45474;095de;2024-07-30;cc3b7;cc3b7;1427.40;11
1470d97256;61d66;2024-01-01;acc4a;acc4a;5209.97;2
302f96fec6;014f1;2024-07-14;9f533;9f533;3557.69;1
581244bcef;cf403;2024-04-28;44103;44103;1206.13;2
0009f239de;920a0;2024-04-15;7b192;7b192;2914.96;8
38a8c24836;5f095;2024-07-23;b6fa9;b6fa9;7827.79;4
1eb5d27a6a;5b130;2024-05-03;d6e77;d6e77;9452.64;6
4ee78954a6;57d90;2024-04-19;7cb20;7cb20;2072.52;7
a6ebc1ba63;ed771;2024-01-08;a4b80;a4b80;57.11;9
7b712925da;f31b3;2024-06-30;adbeb;adbeb;2300.09;7
62a993d1fe;c9773;2024-03-11;c3aae;c3aae;639.95;6
ef656fda95;f75a4;2024-02-12;f5b67;f5b67;132.81;11
54ab925a8b;11f4e;2024-07-26;7b192;7b192;742.06;2
c2492a7b24;1cb51;2024-02-25;f9d9e;f9d9e;4009.19;6
d6a2577ace;f31b3;2024-07-05;9f533;9f533;1260.93;8
7177d04fcf;920a0;2024-05-14;e568e;e568e;754.84;3
572b3bf889;f31b3;2024-07-14;e568e;e568e;1665.72;8
2a27dc6471;e40bd;2024-04-27;0c30e;0c30e;2440.54;6
df2c23a706;5f095;2024-07-03;2e239;2e239;3301.14;3
f4b3de32b9;9b555;2024-03-02;c3aae;c3aae;1158.29;6
b4e16cfa10;38245;2024-04-24;e350f;e350f;1653.58;9
4468c6c90b;25bd5;2024-02-26;ee276;ee276;6030.74;5
77d38a7d37;61d66;2024-04-07;9f533;9f533;1208.05;11
f756051e5e;1cb51;2024-01-04;f5b67;f5b67;39.10;9
14e3bd63aa;e40bd;2024-05-30;ee276;ee276;771.31;10
4b84e4adf3;4bf21;2024-06-07;f9d9e;f9d9e;2356.49;2
a4657ee4de;c9773;2024-02-15;2e00d;2e00d;6477.58;6
3cfb9eee10;ed771;2024-05-13;a731d;a731d;524.48;3
64e80cbc8d;9c958;2024-04-23;c0eb1;c0eb1;63.06;1
c31d18de9f;0848c;2024-06-19;100b7;100b7;3614.20;1
2561d15368;f75a4;2024-05-12;44103;44103;5463.31;2
6dec2fe7f1;5a96d;2024-05-04;8bb9d;8bb9d;7130.01;4
13a251d9a1;ef57b;2024-06-20;54f85;54f85;2138.07;9
cadd218576;c6f19;2024-03-06;742c1;742c1;3159.70;2
6d51d4d28a;bfa74;2024-07-11;1a0a4;1a0a4;75.84;8
7fd950f35c;ff3a0;2024-07-24;ee276;ee276;2707.34;7
b828a617e5;c972c;2024-04-13;c1614;c1614;1716.83;5
dfa8c47e9a;25bd5;2024-02-20;12c8b;12c8b;3603.16;6
36a91a5462;5b130;2024-03-18;1574c;1574c;477.74;7
b7190a0c5c;b4efc;2024-04-07;a0225;a0225;297.28;10
7c69e2a4e6;c2b27;2024-02-02;1cb90;1cb90;6193.28;7
2ef3d35d73;38245;2024-03-01;fa41f;fa41f;1948.76;6
1da9b8f41f;6e3dd;2024-05-03;1cb90;1cb90;594.93;2
953f2b9e59;4bf21;2024-06-29;2e7d0;2e7d0;367.61;4
58826a9186;014f1;2024-06-30;fa41f;fa41f;934.15;4
2a694932b1;25bd5;2024-01-22;fa41f;fa41f;1411.92;5
dfdd608ba7;38245;2024-05-05;44103;44103;7618.80;9
e507da16cb;25bd5;2024-01-28;a362d;a362d;6534.40;10
252b41d565;c5681;2024-07-06;1574c;1574c;2039.61;10
90f98d4556;58779;2024-03-18;12c8b;12c8b;3172.79;10
796010f18b;b4efc;2024-04-13;2e7d0;2e7d0;486.26;8
5548a9c1dc;095de;2024-05-03;ee276;ee276;1371.66;2
251f40cd5d;014f1;2024-04-22;836ce;836ce;278.09;3
e28776414e;ed771;2024-07-29;7cb20;7cb20;3106.54;8
c47bb90caa;701f3;2024-07-05;beefd;beefd;20.86;10
3d01d8c39e;9b555;2024-02-23;7b192;7b192;556.07;1
b040b5552f;be6d8;2024-02-15;d37ce;d37ce;273.18;11
d2833a3d7d;38245;2024-03-24;c0eb1;c0eb1;2077.12;2
5f1b6a9e00;701f3;2024-06-21;d37ce;d37ce;9.12;8
7f129f8a2c;25bd5;2024-07-24;1a0a4;1a0a4;21.01;7
f7a2ec98b4;dd7e9;2024-04-25;8917f;8917f;5969.59;2
8ee233070f;3eda1;2024-04-29;f9d9e;f9d9e;489.33;3
18d879a08d;920a0;2024-02-16;c034e;c034e;3585.72;10
1e6c8e1a49;c5681;2024-01-15;742c1;742c1;77.21;5
e3eb6737e1;701f3;2024-03-10;c1614;c1614;349.86;8
96e0fbb201;9e961;2024-07-12;54f85;54f85;206.65;11
b588bb4abf;920a0;2024-01-06;1cb90;1cb90;1591.41;9
933bc13a26;4bf21;2024-02-02;f9d9e;f9d9e;236.86;5
c6fb72527b;014f1;2024-01-29;742c1;742c1;507.29;7
de67023d0c;be6d8;2024-01-02;2e00d;2e00d;5718.82;1
7a96badb1b;b4efc;2024-07-26;0c30e;0c30e;1357.04;5
fddff5bb1f;b4efc;2024-05-13;d37ce;d37ce;5537.24;6
f37782bb75;014f1;2024-07-03;cc3b7;cc3b7;5551.38;10
f4629ffbf0;c972c;2024-05-08;40ca4;40ca4;457.66;4
4b34191d1c;a0276;2024-04-04;7cb20;7cb20;1901.85;10
dbe6cb063a;ed771;2024-07-12;1cb90;1cb90;1020.24;8
f1a7b5a37a;701f3;2024-02-17;2e239;2e239;6840.07;3
32db7c387f;57d90;2024-06-22;44103;44103;7356.65;8
5849f0d225;cf403;2024-02-01;7cb20;7cb20;6156.60;8
94527178bd;ef57b;2024-03-08;12c8b;12c8b;9207.69;4
071e3a97cf;cf403;2024-05-24;730d3;730d3;1523.90;4
bbf943ec99;c51cb;2024-05-09;a0225;a0225;2331.75;9
b87149c194;5f095;2024-04-18;12c8b;12c8b;1596.20;3
9bdb749a70;57d90;2024-06-13;a362d;a362d;32.26;8
3f2fcafffc;81f4c;2024-06-03;d6e77;d6e77;5463.33;8
4aa804829a;f31b3;2024-01-11;44103;44103;886.83;5
8f4498d125;61d66;2024-05-17;d37ce;d37ce;6651.79;7
25dfd1b08e;0848c;2024-07-10;a731d;a731d;6256.52;4
0680fcda93;095de;2024-01-30;2e7d0;2e7d0;362.08;10
d866dafee7;0cd45;2024-05-17;e350f;e350f;440.52;3
934b924615;c972c;2024-02-26;ee276;ee276;816.63;10
69ce04a01a;095de;2024-05-30;d37ce;d37ce;2763.54;11
6db14a2e0c;014f1;2024-01-18;acc4a;acc4a;3324.55;1
03b8dc110f;5f095;2024-01-15;f9d9e;f9d9e;478.06;2
285b02cd72;ef57b;2024-06-05;7cb20;7cb20;5391.14;11
27abe9b18b;11f4e;2024-01-12;c3aae;c3aae;137.75;11
393a68c8e9;25bd5;2024-01-28;f5b67;f5b67;545.42;11
0631a5981f;c972c;2024-03-06;c034e;c034e;2635.21;10
9bd1b411db;24f77;2024-05-29;c034e;c034e;1990.84;8
132a64896e;a137e;2024-07-17;c1614;c1614;2381.01;10
c2c3d325cb;701f3;2024-02-25;8917f;8917f;601.48;7
ea16465789;dde9a;2024-07-27;2e00d;2e00d;2837.56;4
2a90352d81;014f1;2024-04-13;836ce;836ce;452.01;10
30295bf6ae;a137e;2024-04-22;2e7d0;2e7d0;2237.47;1
02b458561f;dd7e9;2024-02-24;40ca4;40ca4;739.89;3
236e6be7dd;3eda1;2024-04-17;1a0a4;1a0a4;166.87;9
cbe096ff53;c9773;2024-01-17;836ce;836ce;3396.22;9
dc64e26691;c6f19;2024-03-27;8917f;8917f;1637.91;8
f840ba8b48;ed771;2024-02-29;54f85;54f85;268.27;5
83dc0e4676;a0276;2024-03-14;e568e;e568e;762.56;8
49443a8c0a;0848c;2024-05-06;742c1;742c1;231.06;2
16c9758680;bfa74;2024-04-07;a0225;a0225;53.20;6
285649cfb6;1cb51;2024-01-22;f9d9e;f9d9e;1951.75;9
3cf8fd3316;38245;2024-05-31;3f21d;3f21d;1742.72;4
b95f572be1;701f3;2024-02-21;12c8b;12c8b;875.82;9
de6c33383a;a8d5a;2024-02-16;8bb9d;8bb9d;1007.28;1
a2644b0d9b;c80b2;2024-02-15;e568e;e568e;7455.14;3
cf5be3adc3;ab8f3;2024-05-30;ee276;ee276;4494.80;11
bd8c76d91e;11f4e;2024-01-16;2e239;2e239;1199.29;2
3481df6e5e;5b130;2024-05-15;adbeb;adbeb;2671.66;5
43e37bb6aa;5a96d;2024-04-01;17511;17511;2111.15;8
c6953da6b2;0cd45;2024-01-05;7b192;7b192;1211.85;10
8fecee4043;81f4c;2024-06-25;1574c;1574c;460.39;1
e8a49158bd;3eda1;2024-01-19;3f21d;3f21d;1115.59;4
27d4ad31e1;c6f19;2024-04-30;7f4f3;7f4f3;1517.54;6
4f80e96af0;c51cb;2024-01-30;a0225;a0225;6046.38;6
974baf759e;6e3dd;2024-01-09;f9d9e;f9d9e;182.18;4
3e919d031c;25bd5;2024-01-30;c3aae;c3aae;4049.89;6
de34bc20ff;be6d8;2024-04-12;100b7;100b7;6841.69;10
c3a76bdb2d;dd7e9;2024-05-17;cc3b7;cc3b7;220.92;7
9981e45adc;bfa74;2024-04-30;cc3b7;cc3b7;390.55;10
85fea73d87;58779;2024-04-22;ee276;ee276;318.25;8
8ef6f9a758;37eb4;2024-06-05;beefd;beefd;7396.49;1
b8af95d03e;dd7e9;2024-03-08;8917f;8917f;4836.45;10
235ffb9d17;a8d5a;2024-04-15;2e239;2e239;8584.34;8
3b21409471;014f1;2024-06-27;3f21d;3f21d;4053.75;1
94826615b5;be6d8;2024-05-21;d87fe;d87fe;4339.99;11
64052db883;c6f19;2024-03-12;3f21d;3f21d;445.64;4
7c4fb79cf8;11f4e;2024-04-04;742c1;742c1;1768.88;10
6054eab688;014f1;2024-03-13;beefd;beefd;638.23;2
340d6e6441;0cd45;2024-07-21;c034e;c034e;497.03;8
b9a19c0c4a;920a0;2024-01-18;b6fa9;b6fa9;1353.19;4
1b371a04c2;ff3a0;2024-01-12;c034e;c034e;64.56;2
96b92109d8;920a0;2024-01-21;31ef6;31ef6;309.02;8
b7bd1e362c;5f095;2024-01-14;adbeb;adbeb;933.88;6
32d07b8e67;5b130;2024-03-19;2e239;2e239;1767.57;4
0f8f3ba25b;38245;2024-02-07;a362d;a362d;41.58;6
9ec0d0e6b8;bfa74;2024-01-02;e568e;e568e;3355.33;11
592b6a4f72;f75a4;2024-02-27;730d3;730d3;7985.18;2
707668a9d3;5a96d;2024-02-20;96398;96398;4087.34;7
f1f148927f;ff3a0;2024-05-06;d87fe;d87fe;28.97;2
fec83371f0;c6f19;2024-06-06;beefd;beefd;1997.54;2
4608bc7761;3eda1;2024-03-09;a731d;a731d;4281.63;8
5f45a93825;58779;2024-01-09;c034e;c034e;1211.17;4
1d2954cbd9;25bd5;2024-07-19;e568e;e568e;9490.15;10
eea1bffdd2;701f3;2024-04-21;40ca4;40ca4;1029.74;4
525af4979a;1cb51;2024-01-15;40ca4;40ca4;5611.93;9
7526d6b5e0;6e3dd;2024-04-30;d37ce;d37ce;7904.95;10
e4d77c4647;c80b2;2024-04-22;5a1a8;5a1a8;4323.06;8
783def8d91;0cd45;2024-04-15;836ce;836ce;3610.82;7
c5126003ea;61d66;2024-04-17;ee276;ee276;2387.12;8
18ef41468e;ef57b;2024-04-11;7f4f3;7f4f3;2085.05;10
679e0dc88d;58779;2024-03-28;44103;44103;1627.12;8
a637d51174;9b555;2024-03-10;acc4a;acc4a;1886.96;10
f4a05cf1e1;38245;2024-03-22;2e00d;2e00d;1333.01;9
a2945f552c;37eb4;2024-05-19;2e7d0;2e7d0;1765.47;4
52385e5546;c972c;2024-03-29;12c8b;12c8b;7509.56;9
2452a2ab0d;a8d5a;2024-03-21;44103;44103;6851.11;7
bffa9d939a;c51cb;2024-04-19;17511;17511;1907.50;8
d996130ff0;61d66;2024-03-29;cc3b7;cc3b7;3190.14;7
2eef2a3697;f75a4;2024-02-28;3f21d;3f21d;426.00;8
a912d27d4d;701f3;2024-04-17;7cb20;7cb20;2334.18;5
dad51e8d0f;37eb4;2024-04-11;fa41f;fa41f;7887.22;4
311df609a3;a137e;2024-01-08;a362d;a362d;3952.64;2
0613e1dc81;c2b27;2024-01-20;e568e;e568e;3468.67;1
ed32b3529f;dde9a;2024-03-16;730d3;730d3;119.91;6
0847df866b;9e961;2024-04-01;836ce;836ce;3332.75;8
387ef76b26;e40bd;2024-04-04;1a0a4;1a0a4;1695.01;5
7522d62ebb;11f4e;2024-05-27;a0225;a0225;130.36;9
b64e6f3b7d;5a96d;2024-03-07;d6e77;d6e77;996.10;8
313b9ea1ed;cf403;2024-01-07;a4b80;a4b80;542.83;1
c76651978b;38245;2024-04-18;e350f;e350f;2133.06;3
0c52debfb8;cf403;2024-06-22;5a1a8;5a1a8;2338.68;3
5d9ca4c301;9b555;2024-03-18;5a1a8;5a1a8;6527.74;5
f92101b90b;c2b27;2024-01-07;ee276;ee276;1447.58;4
ffc8edaa94;1cb51;2024-01-08;0c30e;0c30e;1862.50;5
486683eb35;25bd5;2024-01-13;1a0a4;1a0a4;6026.42;2
c8fd812250;ff3a0;2024-02-21;7f4f3;7f4f3;2826.24;9
366fde16e3;6e3dd;2024-04-19;1574c;1574c;6558.24;7
303be6545d;ef57b;2024-07-17;a4b80;a4b80;3031.47;9
5b2cf16ac1;c972c;2024-06-19;0c30e;0c30e;3540.89;8
82723f8c91;9b555;2024-07-18;7cb20;7cb20;1000.25;6
75c0706b13;1cb51;2024-02-20;cc3b7;cc3b7;4656.09;1
72d9f36529;014f1;2024-04-23;a731d;a731d;7193.75;3
eefaaf4479;095de;2024-02-14;7b192;7b192;1580.00;6
f8a41c9eca;0848c;2024-07-06;0c30e;0c30e;413.12;4
15eea17bdd;ef57b;2024-06-04;54f85;54f85;4092.65;1
2ee7fc9fc1;a137e;2024-04-22;a731d;a731d;367.05;5
e619d1c4c7;cf403;2024-06-01;31ef6;31ef6;1630.07;10
bccff5e730;57d90;2024-01-11;31ef6;31ef6;5522.31;5
193f0feb40;c6f19;2024-06-01;836ce;836ce;3180.32;7
147e5c7205;ab8f3;2024-04-25;2e7d0;2e7d0;2893.79;7
d67497c25d;58779;2024-07-08;a4b80;a4b80;283.19;1
7a830b3ac0;a0276;2024-07-28;7cb20;7cb20;106.22;10
4602514770;61d66;2024-05-24;fa41f;fa41f;417.95;3
c0a10199cf;dde9a;2024-07-25;17511;17511;3446.84;9
cd5219f4f0;58779;2024-03-22;c1614;c1614;4538.23;5
b972ac781e;0848c;2024-06-14;9f533;9f533;1552.86;8
d499aadaae;e40bd;2024-06-11;12c8b;12c8b;1900.60;1
917f3e7c75;24f77;2024-02-07;beefd;beefd;6679.12;11
442a6c506b;c51cb;2024-07-19;acc4a;acc4a;7883.49;10
0c677b1613;a0276;2024-02-15;2e239;2e239;1160.29;6
5c767e8229;3eda1;2024-02-18;cc3b7;cc3b7;1878.53;7
8b79d4c36a;57d90;2024-01-03;31ef6;31ef6;4190.90;6
2b3a4dcd17;cf403;2024-03-05;c3aae;c3aae;2266.45;7
daa32ca00a;57d90;2024-04-08;5a1a8;5a1a8;773.51;8
be4f2c7c98;c80b2;2024-07-08;2e7d0;2e7d0;4226.68;7
d50f8f2590;b4efc;2024-07-18;a731d;a731d;3371.92;10
94ccc0e7eb;c5681;2024-06-02;d37ce;d37ce;4575.13;3
067a9013ff;ef57b;2024-04-12;cc3b7;cc3b7;3374.48;10
0c24fa43b2;81f4c;2024-04-22;7f4f3;7f4f3;3027.74;9
0d8334f1bc;0848c;2024-07-06;40ca4;40ca4;3389.47;7
4afccded4c;a137e;2024-06-18;acc4a;acc4a;3810.95;10
0238a166d3;be6d8;2024-01-07;9f533;9f533;2061.62;6
b018335d01;1cb51;2024-06-01;2e7d0;2e7d0;90.74;1
caa6d232b2;b4efc;2024-02-15;a0225;a0225;1919.20;10
243df18a7e;b4efc;2024-03-09;b6fa9;b6fa9;468.49;7
1b7d6ca9d3;701f3;2024-02-01;742c1;742c1;3449.29;7
befba2d75e;81f4c;2024-05-21;12c8b;12c8b;246.55;10
cd122658d7;9b555;2024-03-21;1574c;1574c;4823.61;2
a35c85f0d8;dde9a;2024-01-26;54f85;54f85;7936.15;1
2695e35339;c51cb;2024-01-30;12c8b;12c8b;5510.92;7
e2e8b376ed;6e3dd;2024-02-19;c3aae;c3aae;8867.04;2
061d6c356e;a0276;2024-07-25;3f21d;3f21d;1003.64;10
3d6e07734e;1cb51;2024-04-22;b6fa9;b6fa9;925.98;3
77e53a4736;be6d8;2024-06-19;a731d;a731d;9455.98;11
5c247378c6;0cd45;2024-01-24;1a0a4;1a0a4;1618.98;10
564df9e15f;ff3a0;2024-01-07;c3aae;c3aae;2330.92;11
cc7afa3721;5f095;2024-05-01;3f21d;3f21d;6368.92;5
e7c5f5ea39;f75a4;2024-06-16;96398;96398;1419.99;6
a8a3ad6ac6;9e961;2024-01-15;836ce;836ce;572.30;3
48c203b22b;ef57b;2024-02-23;1a0a4;1a0a4;1519.05;10
80fa94ce18;37eb4;2024-03-11;a362d;a362d;819.12;3
079883956f;cf403;2024-05-09;730d3;730d3;4838.67;10
351467bba9;9b555;2024-07-04;31ef6;31ef6;407.07;2
c27be56c84;c6f19;2024-01-05;31ef6;31ef6;17.21;7
9f5080b3ae;9c958;2024-05-21;db710;db710;1886.90;1
154e1be123;c2b27;2024-01-21;ee276;ee276;966.00;3
f824290e8c;64704;2024-07-14;d87fe;d87fe;432.24;2
687f1991b7;200a7;2024-03-13;acc4a;acc4a;44.38;5
1f19b12741;4bf21;2024-01-31;e568e;e568e;287.19;6
55ec982d00;0848c;2024-03-07;fa41f;fa41f;4513.53;5
58076db0cb;a8d5a;2024-04-07;2e00d;2e00d;72.97;4
285a37220c;ed771;2024-04-14;beefd;beefd;72.55;3
2d0f2cf755;a8d5a;2024-01-09;cc3b7;cc3b7;232.43;3
8c9ae6a0c1;cf403;2024-04-07;c1614;c1614;4413.93;8
b157bc63a7;c9773;2024-04-04;8917f;8917f;977.42;6
120041c936;ff3a0;2024-05-17;c1614;c1614;252.19;5
90f8145dc5;be6d8;2024-04-30;ee276;ee276;5385.18;11
e5993acc70;cf403;2024-04-06;836ce;836ce;5968.82;6
5c043697f6;c5681;2024-05-02;1cb90;1cb90;3.98;7
68b044e493;cf403;2024-07-26;1a0a4;1a0a4;5039.53;8
df3d3ae103;4bf21;2024-02-25;3f21d;3f21d;69.15;1
0d7210672f;1cb51;2024-07-10;3f21d;3f21d;1868.40;2
dd0232768d;3eda1;2024-01-04;100b7;100b7;9037.65;4
0ec1a443cb;5f095;2024-02-29;100b7;100b7;492.37;4
0a8ade124b;9b555;2024-07-07;44103;44103;1309.45;4
10de77b56f;6e3dd;2024-02-16;d6e77;d6e77;489.13;2
395514413a;ff3a0;2024-02-09;5a1a8;5a1a8;696.85;6
739f42746c;f75a4;2024-02-07;d87fe;d87fe;666.87;3
bb45d04122;1cb51;2024-05-23;cc3b7;cc3b7;1745.23;5
2d161275e8;014f1;2024-04-25;5a1a8;5a1a8;323.58;2
633310a324;c51cb;2024-03-05;a4b80;a4b80;284.45;10
a6f6f9ea36;61d66;2024-06-26;d6e77;d6e77;4152.38;1
098eedd758;be6d8;2024-03-21;c3aae;c3aae;1446.77;3
1c5f236454;dde9a;2024-05-10;fa41f;fa41f;3008.27;6
59d75152cc;a137e;2024-04-06;1574c;1574c;370.01;8
f23af15868;64704;2024-06-13;a4b80;a4b80;2101.44;1
86903313ec;c2b27;2024-06-17;44103;44103;175.39;10
6d7e01120e;cf403;2024-03-26;d87fe;d87fe;3377.72;3
d330e80e48;ed771;2024-04-17;a731d;a731d;1600.22;8
1b6aad52d5;f75a4;2024-04-02;acc4a;acc4a;453.31;5
847fa16970;5a96d;2024-01-12;12c8b;12c8b;4476.75;6
7ceda8e387;c2b27;2024-05-21;acc4a;acc4a;5001.27;7
3bf6c85349;cf403;2024-07-25;1a0a4;1a0a4;1510.21;1
153af57b59;b4efc;2024-04-15;2e7d0;2e7d0;456.77;11
b2a1740a44;c2b27;2024-06-14;3f21d;3f21d;5870.03;9
07d3a396d9;c5681;2024-06-14;730d3;730d3;771.16;1
e962613cb0;4bf21;2024-07-06;1574c;1574c;2244.55;5
2d050f6fa3;c6f19;2024-06-21;acc4a;acc4a;140.20;2
0e061495c7;c9773;2024-04-06;2e239;2e239;875.66;10
e669bf07b5;095de;2024-05-09;44103;44103;451.03;2
b372e60179;37eb4;2024-04-30;b6fa9;b6fa9;3298.04;1
743a298873;920a0;2024-01-12;2e7d0;2e7d0;208.58;9
5fb44f6931;1cb51;2024-01-31;5a1a8;5a1a8;488.29;5
b131ded6a9;5b130;2024-07-30;1a0a4;1a0a4;3677.57;2
31f68c590c;4bf21;2024-04-14;1cb90;1cb90;977.06;2
a00154cd88;dd7e9;2024-05-25;cc3b7;cc3b7;2230.01;8
3732b44fab;c80b2;2024-01-13;a731d;a731d;168.57;9
db03f3e7c5;9c958;2024-01-15;fa41f;fa41f;1072.72;4
3a25940fe7;11f4e;2024-01-28;cc3b7;cc3b7;7425.01;5
5aa0f43301;58779;2024-06-11;1a0a4;1a0a4;148.39;4
8fd4354b54;4bf21;2024-03-18;a4b80;a4b80;2031.99;7
5de73f7b4c;9e961;2024-04-28;0c30e;0c30e;4638.78;9
767d81edd0;920a0;2024-06-12;742c1;742c1;5566.11;1
aec3ba1a26;dd7e9;2024-03-21;1cb90;1cb90;441.81;4
0880c458cf;11f4e;2024-04-18;c1614;c1614;533.40;10
56a98b97b4;f31b3;2024-07-01;a362d;a362d;288.32;9
eb7289751a;be6d8;2024-04-05;1a0a4;1a0a4;2691.43;5
0ea6c2dd99;c2b27;2024-02-01;100b7;100b7;112.82;10
06c1141667;5b130;2024-04-05;1cb90;1cb90;183.15;11
1e73db45a9;b4efc;2024-07-13;730d3;730d3;729.57;5
66ae7729a2;701f3;2024-07-03;fa41f;fa41f;2493.63;3
0b99ed44c2;24f77;2024-07-05;e568e;e568e;947.39;4
b3737ba8ae;64704;2024-01-16;12c8b;12c8b;513.80;11
8e746b13aa;58779;2024-01-02;0c30e;0c30e;6419.61;9
302af15fd7;ff3a0;2024-03-02;fa41f;fa41f;2518.00;3
6d9962d838;bfa74;2024-02-20;c1614;c1614;6413.11;10
7e939b9ea3;4bf21;2024-04-06;a4b80;a4b80;259.67;2
cad4344b89;ab8f3;2024-04-19;a362d;a362d;3810.24;4
9704258bda;014f1;2024-04-17;c034e;c034e;4434.55;6
bdbb502573;ab8f3;2024-06-29;a0225;a0225;4534.45;1
c443a45966;701f3;2024-07-23;730d3;730d3;2091.35;11
941cef7436;9c958;2024-04-12;8917f;8917f;374.53;2
9bcdf5f758;a0276;2024-02-29;836ce;836ce;2542.21;7
7b8475cba2;f31b3;2024-01-30;a0225;a0225;7991.80;10
aba7fa3e87;c972c;2024-07-09;100b7;100b7;4620.00;2
686634c9b0;25bd5;2024-02-23;f9d9e;f9d9e;4097.36;10
aa5879be4f;81f4c;2024-05-12;e350f;e350f;1018.98;1
ba912836d2;3eda1;2024-07-08;d6e77;d6e77;131.49;4
c37105006d;c2b27;2024-04-18;5a1a8;5a1a8;103.35;10
fd6292e22e;701f3;2024-04-22;0c30e;0c30e;2757.02;4
70c60a4b1d;a0276;2024-01-24;7f4f3;7f4f3;1581.65;4
55a882b787;ed771;2024-01-20;31ef6;31ef6;296.65;3
dae7fced99;24f77;2024-06-15;c034e;c034e;1032.08;4
48cbc461d1;81f4c;2024-04-09;12c8b;12c8b;1731.51;10
4a0a6363eb;ff3a0;2024-07-20;730d3;730d3;3622.98;9
03e034f2f6;c80b2;2024-07-30;c1614;c1614;83.54;3
b548f2a00a;dd7e9;2024-01-26;e568e;e568e;3606.85;4
faff218f8e;701f3;2024-01-11;e350f;e350f;4228.39;8
56ce49285e;3eda1;2024-04-09;d87fe;d87fe;792.55;7
e590f546e9;61d66;2024-01-09;c1614;c1614;983.20;11
2e2175aa1d;25bd5;2024-05-06;54f85;54f85;428.77;7
6d5eda4cde;701f3;2024-05-11;1574c;1574c;7775.39;3
ec77065da2;0848c;2024-01-04;fa41f;fa41f;3845.96;9
bafa4fb43b;1cb51;2024-06-11;a362d;a362d;982.58;11
7ba4e6f577;ef57b;2024-06-04;adbeb;adbeb;1451.73;10
f6b4110bbc;c9773;2024-03-21;e350f;e350f;896.29;9
3ac6f50727;ed771;2024-04-01;fa41f;fa41f;37.60;4
8dce4eb5bf;57d90;2024-03-28;adbeb;adbeb;5585.91;2
edd147f22d;58779;2024-04-02;c0eb1;c0eb1;201.58;8
5c166c9012;0cd45;2024-03-16;54f85;54f85;1717.28;7
0f4a4ed815;c972c;2024-04-11;836ce;836ce;74.82;11
58685bfdb8;c6f19;2024-06-03;a0225;a0225;280.33;4
79724eaba7;b4efc;2024-03-23;1574c;1574c;4195.29;3
720aaca460;9b555;2024-03-05;7f4f3;7f4f3;846.62;3
1878c11e59;e40bd;2024-04-23;2e00d;2e00d;3119.49;5
e90d2048f4;81f4c;2024-05-17;12c8b;12c8b;7457.66;5
991d5c4efe;a0276;2024-07-23;3f21d;3f21d;1245.79;5
5b5c8c4d15;b4efc;2024-03-27;f5b67;f5b67;444.03;9
a4ea66cdfa;0cd45;2024-05-13;836ce;836ce;3667.13;10
3e5f4d6291;9b555;2024-07-03;c1614;c1614;1476.56;10
ab05c41a1f;ab8f3;2024-02-18;c0eb1;c0eb1;7823.83;1
5d73a9ec38;57d90;2024-07-18;a362d;a362d;1558.59;11
72251015c5;38245;2024-06-22;8917f;8917f;125.20;6
57f35256ad;64704;2024-03-12;7b192;7b192;6303.45;8
e8e96a9883;25bd5;2024-05-22;54f85;54f85;2339.64;11
4175d1245e;a0276;2024-01-08;d37ce;d37ce;6531.59;3
88456ccd4b;c9773;2024-07-01;f9d9e;f9d9e;388.65;1
8c2f8b3e6a;ed771;2024-02-12;e568e;e568e;6568.47;2
b3c2a940d3;c2b27;2024-02-15;2e7d0;2e7d0;1983.74;5
d126fb5eca;f31b3;2024-06-14;d87fe;d87fe;55.15;8
950c832020;0848c;2024-07-10;730d3;730d3;1059.49;1
81a780d5c5;9b555;2024-02-04;730d3;730d3;226.91;7
37360a1e7c;c972c;2024-01-21;c0eb1;c0eb1;8612.28;10
e2c892a093;e40bd;2024-01-14;e350f;e350f;440.59;9
742506d1e2;9b555;2024-07-09;c0eb1;c0eb1;938.68;1
352ed5f0fa;0848c;2024-07-15;1a0a4;1a0a4;6856.49;7
2817e94f4e;25bd5;2024-07-13;f9d9e;f9d9e;5894.05;2
cfcabe315e;014f1;2024-06-17;d87fe;d87fe;1835.42;6
8748dbfd66;25bd5;2024-03-19;fa41f;fa41f;120.84;4
3f7cd6d419;b4efc;2024-05-26;100b7;100b7;592.09;3
c3c9dfbe96;dd7e9;2024-02-14;7f4f3;7f4f3;2438.18;1
e493f4e5c3;014f1;2024-06-13;acc4a;acc4a;2.38;11
d46760e1a9;f75a4;2024-07-04;cc3b7;cc3b7;762.82;6
e014d8fd1a;3eda1;2024-01-18;40ca4;40ca4;6795.44;6
d9ecaac3a8;61d66;2024-02-25;730d3;730d3;26.86;3
eb2e1ddc5e;a137e;2024-04-05;8bb9d;8bb9d;73.73;1
3b82ecd0dc;be6d8;2024-01-09;54f85;54f85;95.64;3
db6a1d4e9e;920a0;2024-05-14;7b192;7b192;782.27;10
e25b6be64c;5f095;2024-06-25;100b7;100b7;461.29;11
78e88bf3b8;4bf21;2024-04-03;d37ce;d37ce;2132.57;11
1b5c7a3c99;5f095;2024-02-13;12c8b;12c8b;1034.24;11
8907969ab0;11f4e;2024-01-15;b6fa9;b6fa9;6252.60;3
f305ededab;cf403;2024-06-26;8917f;8917f;6026.23;7
d1395dc7c2;1cb51;2024-06-05;318c8;318c8;5279.57;4
aaa7c33ddd;5a96d;2024-02-04;d6e77;d6e77;422.94;7
5989206f45;25bd5;2024-01-26;730d3;730d3;1889.87;2
821c1e863a;dd7e9;2024-05-22;d87fe;d87fe;2491.07;9
17b25ca791;81f4c;2024-04-19;17511;17511;2602.05;2
341866bcc4;b4efc;2024-01-11;742c1;742c1;3131.88;2
395d8798b9;3eda1;2024-04-14;c0eb1;c0eb1;2113.82;1
e30134cf4a;ab8f3;2024-01-28;beefd;beefd;860.73;10
511c35149c;4bf21;2024-04-02;742c1;742c1;142.16;1
6de1b53252;be6d8;2024-01-11;fa41f;fa41f;389.40;6
cefeba9c3c;920a0;2024-03-27;e568e;e568e;2045.27;6
5fb6a97d53;dd7e9;2024-07-15;d87fe;d87fe;4755.25;1
b3f3464cb6;c972c;2024-03-24;96398;96398;8650.76;10
0c5e1c26c8;ab8f3;2024-03-30;2e7d0;2e7d0;7031.32;3
8f429c3373;1cb51;2024-03-06;2e7d0;2e7d0;766.55;5
2cc97c2c76;c51cb;2024-06-09;cc3b7;cc3b7;39.61;4
9417bb1cde;6e3dd;2024-03-28;2e00d;2e00d;2627.87;7
889706c4b4;200a7;2024-03-24;f9d9e;f9d9e;2815.01;2
0f1890ac79;be6d8;2024-06-15;a4b80;a4b80;1792.09;10
a5419f77c2;4bf21;2024-04-17;8bb9d;8bb9d;2899.09;11
e233e647b4;bfa74;2024-03-28;e568e;e568e;6702.31;1
dc52e6aafe;61d66;2024-06-10;8bb9d;8bb9d;4405.51;6
2a72228f7b;f75a4;2024-05-04;7cb20;7cb20;747.98;2
9d6c9cf2f1;c80b2;2024-03-10;7f4f3;7f4f3;261.31;2
d6a404ae60;58779;2024-02-08;f9d9e;f9d9e;5526.34;2
110d5c99df;24f77;2024-06-08;fa41f;fa41f;286.73;8
1cb0a9b8f0;ed771;2024-04-09;730d3;730d3;1365.78;10
49dd92a460;24f77;2024-02-24;beefd;beefd;614.21;9
0a27434800;ed771;2024-06-08;fa41f;fa41f;438.64;7
8fe4005ba0;64704;2024-01-01;1cb90;1cb90;152.46;6
15ca7c7e59;61d66;2024-03-05;f9d9e;f9d9e;1144.32;2
4825b4938f;a0276;2024-06-19;db710;db710;3670.68;9
cc07d22cca;24f77;2024-03-01;2e7d0;2e7d0;5881.89;6
be3e4dfea3;c972c;2024-07-03;cc3b7;cc3b7;592.16;3
873c454498;920a0;2024-05-09;3f21d;3f21d;1323.39;10
b409d4fe0a;be6d8;2024-03-14;8917f;8917f;1619.49;9
c73e7a60a7;3eda1;2024-07-04;3f21d;3f21d;3764.67;6
a8bd8fd5d6;9e961;2024-07-09;db710;db710;7042.12;1
94459f763a;24f77;2024-04-22;d87fe;d87fe;3786.73;6
805939410c;81f4c;2024-04-23;b6fa9;b6fa9;2356.08;6
39ccbc6dc2;be6d8;2024-07-14;adbeb;adbeb;6670.49;4
f3b5a5b647;38245;2024-02-25;318c8;318c8;1188.26;10
b1d0bc1d04;5b130;2024-02-08;1a0a4;1a0a4;5382.45;4
2424308036;38245;2024-07-30;100b7;100b7;42.19;5
4a5bb973e1;f75a4;2024-03-26;2e7d0;2e7d0;1452.61;1
f35d47e452;61d66;2024-03-03;a362d;a362d;226.63;9
23ea11588b;4bf21;2024-03-11;54f85;54f85;6445.46;8
6a9b37ba86;701f3;2024-02-28;d87fe;d87fe;8134.88;4
e3b8b0796b;9b555;2024-05-25;cc3b7;cc3b7;4503.38;3
5058a63a6c;11f4e;2024-07-01;730d3;730d3;1062.77;1
d717814d9e;c9773;2024-07-29;730d3;730d3;2531.09;4
bd50259ec1;6e3dd;2024-01-11;1574c;1574c;775.30;4
2da6baf60e;11f4e;2024-03-31;54f85;54f85;2220.17;7
fe73f7b158;c80b2;2024-05-30;c1614;c1614;7835.53;1
590d665dc1;58779;2024-04-18;1a0a4;1a0a4;5307.25;6
2444856075;c51cb;2024-04-25;d37ce;d37ce;659.65;9
dbfeb114bb;c6f19;2024-07-25;9f533;9f533;3829.16;11
4bd9971828;920a0;2024-03-25;1574c;1574c;2003.16;8
a2a65b9a3a;37eb4;2024-05-15;836ce;836ce;159.08;8
c34a1d5f74;cf403;2024-06-20;8917f;8917f;1403.04;9
f6fafca9e6;095de;2024-05-19;1a0a4;1a0a4;5380.68;1
55025491d9;920a0;2024-07-05;2e239;2e239;4998.56;3
f0fce12398;c2b27;2024-07-15;f9d9e;f9d9e;997.00;11
101bf85ac7;ff3a0;2024-02-10;9f533;9f533;3434.21;8
a9b7c75e41;6e3dd;2024-01-05;e350f;e350f;6286.44;10
3e60900ef1;81f4c;2024-03-19;d87fe;d87fe;3863.55;3
8ea383a9e6;b4efc;2024-07-14;836ce;836ce;4793.78;6
258a8ecdcb;9c958;2024-05-07;100b7;100b7;40.09;7
eceef30dac;1cb51;2024-01-18;96398;96398;2250.38;10
02298750b4;cf403;2024-01-02;f9d9e;f9d9e;2590.59;7
fb6c3468bc;c972c;2024-02-28;31ef6;31ef6;3187.10;9
2cc360e3d9;dd7e9;2024-02-21;836ce;836ce;3097.69;10
2e6ab97695;ef57b;2024-02-02;54f85;54f85;141.25;3
2519a90ac7;014f1;2024-06-24;d87fe;d87fe;3373.33;4
701ba0ac77;64704;2024-07-05;44103;44103;4557.53;1
2e1476e352;dd7e9;2024-06-11;5a1a8;5a1a8;1128.87;9
81f18a301d;c6f19;2024-07-12;db710;db710;7114.92;5
6106cc1e66;c5681;2024-07-17;318c8;318c8;2555.45;7
ed89a29b2d;a0276;2024-02-19;3f21d;3f21d;1416.63;11
558df032de;6e3dd;2024-02-07;f5b67;f5b67;2915.83;6
7a08977ffe;ab8f3;2024-04-19;31ef6;31ef6;2862.60;9
3e42c266d5;3eda1;2024-07-10;2e00d;2e00d;371.76;1
21f1814b0b;be6d8;2024-04-08;f9d9e;f9d9e;150.07;10
ee86e0f8aa;ed771;2024-07-30;db710;db710;67.05;9
761ca37bdd;24f77;2024-02-05;d6e77;d6e77;1518.83;3
f1c6482add;57d90;2024-04-01;318c8;318c8;1266.66;2
a47feb7713;be6d8;2024-07-27;9f533;9f533;7909.77;10
0aec4ee3bc;701f3;2024-02-19;ee276;ee276;2341.91;10
a6d04ff944;38245;2024-07-28;2e7d0;2e7d0;537.66;7
dd4bef1e45;61d66;2024-06-08;adbeb;adbeb;1073.95;10
2a056c55ed;1cb51;2024-04-19;2e239;2e239;887.52;5
cffc566254;5f095;2024-07-12;c0eb1;c0eb1;1210.80;2
913c202c45;dde9a;2024-05-15;318c8;318c8;4438.00;8
d693afcad3;37eb4;2024-01-29;8917f;8917f;2061.90;4
01de91e254;9b555;2024-04-16;7f4f3;7f4f3;4147.48;7
596b0d1605;0848c;2024-02-23;d6e77;d6e77;350.62;11
e91f1b3128;c80b2;2024-06-01;31ef6;31ef6;5.61;5
07d2303212;dd7e9;2024-05-22;2e00d;2e00d;4214.24;4
36d14d4e63;f75a4;2024-02-19;836ce;836ce;4896.34;3
fafcf4ec64;c972c;2024-05-21;e350f;e350f;6671.53;8
4cd755f750;ab8f3;2024-04-04;beefd;beefd;4352.63;5
197e71e56e;0848c;2024-04-12;c3aae;c3aae;3306.11;9
cc70e92a43;9b555;2024-07-08;12c8b;12c8b;3064.67;4
e34825b7a3;701f3;2024-01-26;c1614;c1614;910.99;10
1b5cb0f0c9;dde9a;2024-02-23;d37ce;d37ce;923.65;6
0d351e1d2f;3eda1;2024-07-08;836ce;836ce;4376.12;4
96fbe8b51a;6e3dd;2024-07-26;31ef6;31ef6;211.85;2
d254cc4f8c;095de;2024-05-25;db710;db710;1063.19;2
bf4060e617;bfa74;2024-05-14;318c8;318c8;2085.90;4
b6aa156900;dde9a;2024-01-01;44103;44103;1104.01;9
01e75e3640;095de;2024-06-06;ee276;ee276;1529.15;1
cfede26c9f;57d90;2024-01-21;8bb9d;8bb9d;616.29;10
ccbca243d8;38245;2024-04-11;a0225;a0225;6112.59;11
70236da8ff;6e3dd;2024-02-04;f5b67;f5b67;4196.42;7
75f453d092;dde9a;2024-07-14;f5b67;f5b67;4920.77;3
4d26910f35;0cd45;2024-05-14;c034e;c034e;9005.02;8
f8fba41cf5;a137e;2024-03-02;c034e;c034e;2613.66;7
f314c7f07f;24f77;2024-01-13;2e00d;2e00d;1325.01;9
7b4477aa52;c5681;2024-07-12;d87fe;d87fe;906.77;5
0e31a86c0b;014f1;2024-04-28;c1614;c1614;2244.80;7
16c62698a1;c6f19;2024-06-07;44103;44103;1408.21;9
4a1eafb809;c80b2;2024-01-31;1cb90;1cb90;7499.65;4
eaa6677ee2;a8d5a;2024-05-17;f9d9e;f9d9e;1582.06;4
1fd6835f07;200a7;2024-03-22;a362d;a362d;3746.91;7
ecd45fedd7;ab8f3;2024-07-21;beefd;beefd;1304.42;9
ff5b435108;9b555;2024-04-27;d6e77;d6e77;1210.60;4
6310993376;5b130;2024-07-20;b6fa9;b6fa9;594.74;3
58c7eeaac3;37eb4;2024-04-12;1cb90;1cb90;5423.49;3
d09d79da83;f31b3;2024-05-03;3f21d;3f21d;2902.19;3
b556a081be;c972c;2024-01-17;2e00d;2e00d;4964.25;2
0a60edc95d;dd7e9;2024-03-03;0c30e;0c30e;5738.82;11
e33f08fa1f;c6f19;2024-03-09;c1614;c1614;3123.40;1
6548055ffb;57d90;2024-05-27;2e00d;2e00d;1986.63;1
03b308b5af;0848c;2024-05-17;2e7d0;2e7d0;9332.88;6
dad689d5b0;5f095;2024-04-22;318c8;318c8;958.41;7
23f8099887;cf403;2024-05-21;100b7;100b7;2329.03;9
1b6ded8988;11f4e;2024-07-11;2e239;2e239;1849.16;10
a1d7fe63d7;b4efc;2024-01-22;3f21d;3f21d;16.27;1
bb9115233b;920a0;2024-02-14;a0225;a0225;3860.28;6
69cf45ede8;a8d5a;2024-05-04;2e00d;2e00d;2648.47;1
bd5ca36da0;58779;2024-04-27;ee276;ee276;1137.69;10
d07c3ede4e;c51cb;2024-02-05;beefd;beefd;3046.48;2
d5d2dd1516;ed771;2024-05-28;beefd;beefd;2730.16;7
83f8acf151;dde9a;2024-04-14;c1614;c1614;3233.21;6
b4ea7aabb7;be6d8;2024-04-17;c1614;c1614;4845.67;4
3a8261d426;ab8f3;2024-01-08;318c8;318c8;5576.04;7
f69e543963;0cd45;2024-02-17;3f21d;3f21d;1623.37;10
f24d7986d8;25bd5;2024-03-02;beefd;beefd;4704.68;1
43ec96dbdd;cf403;2024-03-19;d87fe;d87fe;1634.33;7
38f9c402ea;920a0;2024-01-10;8bb9d;8bb9d;251.07;4
0d850f530d;701f3;2024-03-25;d87fe;d87fe;2005.86;6
188bcec839;e40bd;2024-01-11;9f533;9f533;5531.63;1
2fbddfb827;11f4e;2024-01-03;12c8b;12c8b;5757.36;7
ade4d9ff2f;c51cb;2024-07-04;742c1;742c1;751.64;7
a5c84e4d7f;701f3;2024-07-25;c3aae;c3aae;819.13;11
633a791222;64704;2024-05-16;1a0a4;1a0a4;73.92;4
0fe38d405d;61d66;2024-02-21;b6fa9;b6fa9;1186.44;10
b3780cacaf;61d66;2024-01-16;ee276;ee276;946.37;1
7012084e80;a0276;2024-05-12;44103;44103;2666.24;2
94f87b3449;ab8f3;2024-06-27;2e7d0;2e7d0;2552.07;11
21b8f95357;f31b3;2024-05-28;1574c;1574c;515.37;10
395cdebff9;dde9a;2024-03-31;e568e;e568e;1628.41;11
99b9ce2e84;24f77;2024-05-18;b6fa9;b6fa9;1362.86;2
fa862ed718;a8d5a;2024-07-07;c0eb1;c0eb1;1254.57;8
ddc313fff3;5f095;2024-01-08;e568e;e568e;5453.39;9
3d3c342c42;5b130;2024-01-13;100b7;100b7;3825.13;8
323bc4ff57;095de;2024-07-28;7cb20;7cb20;601.43;6
d9ce69fc75;3eda1;2024-03-16;beefd;beefd;2704.07;7
3951b399ba;57d90;2024-02-22;b6fa9;b6fa9;4741.88;2
09f88a36ec;9e961;2024-03-19;40ca4;40ca4;9.95;3
b153e74812;c5681;2024-01-17;c034e;c034e;5563.36;10
c7ed118a62;64704;2024-05-06;44103;44103;138.35;3
3553a40716;c80b2;2024-01-24;12c8b;12c8b;4371.14;4
6917ab4a02;57d90;2024-07-05;12c8b;12c8b;4431.49;11
59e8e60299;c80b2;2024-04-05;40ca4;40ca4;175.79;2
8e1551216e;c51cb;2024-04-14;b6fa9;b6fa9;259.66;8
1795e6f41d;a0276;2024-01-29;7cb20;7cb20;851.80;7
95b22772fb;c5681;2024-02-27;12c8b;12c8b;57.40;11
4dabc082b5;ed771;2024-06-21;1cb90;1cb90;545.10;11
1494f7326a;61d66;2024-03-05;7b192;7b192;1820.87;9
a3a08eccb8;37eb4;2024-06-28;fa41f;fa41f;5606.94;6
7025c03d74;64704;2024-05-21;7cb20;7cb20;5551.44;6
5d70da1923;dde9a;2024-01-02;e350f;e350f;296.96;9
b9aa0b824f;014f1;2024-02-20;0c30e;0c30e;2560.70;10
6561521315;81f4c;2024-03-17;a362d;a362d;7511.87;4
65e6bca161;25bd5;2024-07-17;9f533;9f533;1884.99;9
4f1cb3be07;a137e;2024-07-10;2e7d0;2e7d0;63.66;9
24bfab7c5f;ed771;2024-03-30;742c1;742c1;2720.74;10
b1ea25baa4;11f4e;2024-02-17;1a0a4;1a0a4;1084.86;10
fb81ac6ac2;c51cb;2024-03-11;54f85;54f85;1598.56;5
f88e69666f;ed771;2024-02-03;c0eb1;c0eb1;881.47;1
0e01275a8b;3eda1;2024-04-18;beefd;beefd;858.83;5
ad373fac5f;c6f19;2024-07-30;100b7;100b7;2712.54;1
13964aa990;dd7e9;2024-02-24;8bb9d;8bb9d;2387.97;1
bb6e2faba0;c5681;2024-07-29;12c8b;12c8b;3029.85;8
bbde288994;e40bd;2024-07-19;c0eb1;c0eb1;35.91;3
ae4dcb90a4;4bf21;2024-02-21;1574c;1574c;2735.31;4
541096131d;81f4c;2024-04-26;0c30e;0c30e;749.65;3
efdeae18f0;0848c;2024-07-07;17511;17511;2439.95;8
eba2a6fca0;1cb51;2024-01-12;ee276;ee276;5293.29;8
8f52b3bc6b;1cb51;2024-03-04;c3aae;c3aae;497.01;2
f54900fc1a;a137e;2024-05-22;44103;44103;3553.96;1
bd6a37b8bf;c2b27;2024-05-22;c034e;c034e;1608.52;4
10e85993ed;701f3;2024-01-22;c0eb1;c0eb1;5148.49;1
9abd3cdc34;014f1;2024-04-07;40ca4;40ca4;1867.87;11
37755c5314;38245;2024-03-06;730d3;730d3;5.73;10
466093b862;f31b3;2024-05-17;db710;db710;4059.98;6
00772683cc;9e961;2024-02-20;a0225;a0225;4152.29;4
1ef21910f3;4bf21;2024-05-11;2e00d;2e00d;354.96;9
0146d2bc05;bfa74;2024-04-24;7b192;7b192;1567.26;6
10bd1e21be;a8d5a;2024-01-17;12c8b;12c8b;3042.92;8
54d9bf6018;c5681;2024-05-06;acc4a;acc4a;2527.43;5
d4f25b61ef;a137e;2024-03-06;2e239;2e239;876.05;4
e03bdc1d94;24f77;2024-06-27;8917f;8917f;5996.40;8
76cda1d492;9c958;2024-01-21;d37ce;d37ce;9354.94;7
be8372dd91;ed771;2024-03-28;17511;17511;398.54;5
5124a4ff10;c6f19;2024-03-20;a362d;a362d;3884.83;3
e58d6e18d3;5f095;2024-04-04;0c30e;0c30e;3748.56;9
5d94cd5f51;b4efc;2024-02-28;adbeb;adbeb;576.75;7
ff7586cad8;9e961;2024-07-29;44103;44103;1063.24;6
98e7d427db;64704;2024-06-21;2e7d0;2e7d0;1193.72;3
7b3c201e32;701f3;2024-06-05;1574c;1574c;3280.11;5
b6e011ef59;c5681;2024-05-25;e568e;e568e;1315.13;7
34d67771df;24f77;2024-05-16;a4b80;a4b80;3369.15;9
e9cdae53c1;57d90;2024-02-02;730d3;730d3;6268.15;3
2c13245404;57d90;2024-05-21;b6fa9;b6fa9;833.96;10
7a9c0f3234;64704;2024-02-05;7f4f3;7f4f3;397.71;7
8a9d3c7a7e;dd7e9;2024-03-20;1a0a4;1a0a4;121.41;4
e8ff474d54;5b130;2024-04-24;adbeb;adbeb;3107.91;1
3a9e2a96c9;014f1;2024-07-19;cc3b7;cc3b7;704.55;9
8ae851cf32;0cd45;2024-06-04;836ce;836ce;2371.63;4
22e71794c8;b4efc;2024-02-20;2e00d;2e00d;1177.88;7
1e4487dc21;9b555;2024-07-01;c0eb1;c0eb1;4374.29;1
f585f12984;f75a4;2024-03-14;cc3b7;cc3b7;1843.94;6
3cd29a9641;24f77;2024-01-21;7cb20;7cb20;325.07;1
d3314ca53c;0cd45;2024-07-15;beefd;beefd;1319.30;8
f4d8946687;920a0;2024-05-12;40ca4;40ca4;979.53;1
fe4c12eabf;81f4c;2024-03-26;ee276;ee276;32.33;3
038418fb48;f75a4;2024-03-28;c3aae;c3aae;3388.12;10
c256d4eae3;0cd45;2024-06-18;8917f;8917f;1226.98;4
78febbb72d;a8d5a;2024-07-13;742c1;742c1;631.04;10
dd9aab9180;37eb4;2024-02-11;742c1;742c1;563.87;5
6fd6a4f3bb;3eda1;2024-01-07;a0225;a0225;5221.22;4
dd1346c83b;c972c;2024-07-10;96398;96398;103.23;7
d2ac7aa345;014f1;2024-07-12;fa41f;fa41f;1722.99;1
2ad15c51da;920a0;2024-03-15;44103;44103;38.26;11
dbb1433043;24f77;2024-02-05;742c1;742c1;1413.81;9
57dd5d5649;3eda1;2024-05-06;f5b67;f5b67;4615.76;4
4fef6f39c7;e40bd;2024-02-19;c034e;c034e;4407.14;4
1347aae777;ab8f3;2024-01-23;730d3;730d3;2741.66;7
09e473d8bf;4bf21;2024-02-26;ee276;ee276;1110.39;3
4393a122a9;6e3dd;2024-01-31;f5b67;f5b67;1585.25;6
8e2b5709d6;c6f19;2024-02-21;96398;96398;6699.72;9
779ad9d230;81f4c;2024-01-14;100b7;100b7;5802.55;10
95ed67abed;a0276;2024-03-16;2e00d;2e00d;504.60;10
1988410c9d;c9773;2024-06-03;8bb9d;8bb9d;864.33;2
88a8ce942e;701f3;2024-03-05;8bb9d;8bb9d;199.58;5
7979e15fdb;920a0;2024-05-26;a731d;a731d;8479.81;2
b61f223aca;cf403;2024-05-19;beefd;beefd;36.88;11
eb947b965e;c80b2;2024-07-04;2e7d0;2e7d0;6105.97;4
4448857fa5;920a0;2024-02-27;1a0a4;1a0a4;1635.84;10
2f08b48b99;f75a4;2024-04-04;2e7d0;2e7d0;1312.33;5
d8e8b709b5;bfa74;2024-03-22;c0eb1;c0eb1;17.53;9
da79db5991;4bf21;2024-07-04;44103;44103;4480.96;7
0a71b90d30;9c958;2024-05-12;fa41f;fa41f;311.59;11
c3d2e8edde;095de;2024-06-13;40ca4;40ca4;2296.25;11
191982f252;11f4e;2024-05-03;0c30e;0c30e;564.51;5
70aae09ca5;9e961;2024-02-28;1a0a4;1a0a4;6640.55;3
3b0d44e79c;be6d8;2024-05-31;7b192;7b192;1817.64;3
4ed8a0ad87;ef57b;2024-02-08;c3aae;c3aae;1519.30;1
432cb429e5;25bd5;2024-05-22;c034e;c034e;2331.19;8
30b09ee059;5a96d;2024-02-09;0c30e;0c30e;5690.57;9
46af072f6d;ef57b;2024-05-28;e568e;e568e;6785.88;10
daea3e4693;38245;2024-04-07;836ce;836ce;2866.46;5
892ed3f819;9b555;2024-04-22;f5b67;f5b67;4434.04;4
4696c621a4;c6f19;2024-06-10;100b7;100b7;497.24;11
1d411dc79c;5b130;2024-06-28;cc3b7;cc3b7;1299.14;8
576f58850b;5a96d;2024-03-04;3f21d;3f21d;5636.02;9
51186eeb07;e40bd;2024-05-19;c0eb1;c0eb1;7066.56;9
b868aecdc1;c972c;2024-03-05;d37ce;d37ce;1826.21;7
6cb6bde01c;25bd5;2024-02-14;8bb9d;8bb9d;1548.04;10
b32d822ae9;ed771;2024-06-20;44103;44103;376.20;3
e0f99f0673;a137e;2024-05-28;318c8;318c8;5510.81;3
392dc73c51;f75a4;2024-04-11;7cb20;7cb20;4848.17;9
5867fbf786;5f095;2024-03-01;adbeb;adbeb;1720.10;10
1390ca95e9;c5681;2024-06-27;c1614;c1614;713.85;3
3ca14dcda1;a137e;2024-07-04;9f533;9f533;5562.80;9
34b44a63d7;9b555;2024-01-06;c034e;c034e;1543.33;7
cf2ed59834;5b130;2024-04-21;0c30e;0c30e;3370.27;6
081e85220b;c51cb;2024-02-07;b6fa9;b6fa9;1007.41;8
4093f74a14;9e961;2024-03-08;7f4f3;7f4f3;4637.12;4
e6d55a706e;095de;2024-03-08;2e239;2e239;197.10;9
6b6412e7d5;f75a4;2024-05-04;3f21d;3f21d;5189.32;2
2550c687a0;9b555;2024-05-23;96398;96398;4276.48;9
d762783479;5f095;2024-01-12;b6fa9;b6fa9;3469.18;10
39dd96d910;1cb51;2024-02-16;acc4a;acc4a;4238.18;3
580127c301;c9773;2024-07-18;12c8b;12c8b;1923.32;1
5416436a95;ab8f3;2024-01-19;17511;17511;3633.43;1
61db42fd2d;cf403;2024-03-23;2e00d;2e00d;6862.33;11
7d1a5fd223;c6f19;2024-03-01;96398;96398;4403.54;8
9bcbfbc00d;a8d5a;2024-06-18;0c30e;0c30e;3916.81;7
a0f55202a1;24f77;2024-03-04;d6e77;d6e77;6977.55;10
776d9d7718;ed771;2024-03-08;a731d;a731d;947.47;1
cfeaa8bc0e;c2b27;2024-03-07;e568e;e568e;1262.93;1
65b7240ede;24f77;2024-06-04;8bb9d;8bb9d;5276.88;11
f165eccf52;f31b3;2024-06-27;318c8;318c8;5337.49;8
c52b02a8a4;5a96d;2024-04-30;100b7;100b7;4945.31;2
67fa134632;24f77;2024-01-06;0c30e;0c30e;994.30;4
dc905f5705;11f4e;2024-01-26;100b7;100b7;460.35;4
ad1692d633;be6d8;2024-02-08;1a0a4;1a0a4;4219.09;7
91626a7772;200a7;2024-07-25;836ce;836ce;1272.80;11
56b4e79797;dde9a;2024-01-05;e350f;e350f;3771.31;11
0c8217a2b5;5a96d;2024-02-14;7f4f3;7f4f3;1445.51;7
ca816816be;5a96d;2024-07-20;d87fe;d87fe;2647.66;8
bcdafb6af6;58779;2024-03-01;a0225;a0225;2029.48;8
5cfba7ab6c;c80b2;2024-06-16;1574c;1574c;1161.60;10
713aef9e6f;25bd5;2024-03-23;40ca4;40ca4;359.42;2
beff4b466b;37eb4;2024-04-07;c0eb1;c0eb1;1651.42;1
6e1d254489;a8d5a;2024-06-25;730d3;730d3;2477.97;4
1271756519;9c958;2024-04-12;f9d9e;f9d9e;517.79;1
2f37e44032;dde9a;2024-03-02;3f21d;3f21d;25.54;1
19117415dc;095de;2024-04-11;a362d;a362d;443.39;11
1333514a6e;be6d8;2024-04-05;adbeb;adbeb;2280.81;5
654df8cd8c;1cb51;2024-05-08;1a0a4;1a0a4;4950.27;9
e77bf42a3b;be6d8;2024-07-21;2e00d;2e00d;5808.85;1
a30551bab4;81f4c;2024-03-14;a731d;a731d;6314.71;7
631a4f3f53;c51cb;2024-07-10;17511;17511;894.39;4
c8dcb1336b;f31b3;2024-05-05;2e7d0;2e7d0;5013.72;9
3a23632940;37eb4;2024-02-06;d6e77;d6e77;1584.97;3
aa536c5580;cf403;2024-05-20;730d3;730d3;1072.88;5
e40c77b278;cf403;2024-02-29;f5b67;f5b67;3087.36;6
b0fd95c435;4bf21;2024-04-18;8917f;8917f;2786.88;6
5f7e8bdcfc;25bd5;2024-04-04;c034e;c034e;2780.83;2
e74dd4242a;ef57b;2024-07-15;c1614;c1614;1242.52;1
bbe284dd13;38245;2024-06-01;d37ce;d37ce;1553.96;6
8cd033fba4;dd7e9;2024-05-10;a731d;a731d;1775.09;11
0e4873b0be;a0276;2024-07-03;5a1a8;5a1a8;183.81;10
c35a3d1d72;c972c;2024-07-06;fa41f;fa41f;8139.16;2
bfc5eae4f3;61d66;2024-05-10;318c8;318c8;186.60;6
ada715ce85;81f4c;2024-05-31;836ce;836ce;978.88;6
b18019bd2d;cf403;2024-05-06;9f533;9f533;16.07;11
ed914cd0cb;57d90;2024-01-09;d6e77;d6e77;29.38;3
ea3b772306;81f4c;2024-03-21;2e00d;2e00d;400.03;9
7eb07fcbd2;a137e;2024-07-10;c3aae;c3aae;2236.69;3
2dfec313cd;c5681;2024-02-15;a362d;a362d;371.89;11
76cda1dab8;bfa74;2024-03-10;7f4f3;7f4f3;843.23;3
d33b7ebf3c;920a0;2024-07-08;318c8;318c8;1352.34;2
1951b9bbc5;24f77;2024-03-28;db710;db710;3700.23;3
c212c4c67b;64704;2024-02-10;c0eb1;c0eb1;835.24;11
eeca89a1ff;5a96d;2024-04-09;d6e77;d6e77;2524.40;9
94a8c98131;b4efc;2024-02-18;e568e;e568e;2040.22;8
8b8dfef9a7;5a96d;2024-04-17;0c30e;0c30e;38.24;7
24d43681ad;0cd45;2024-03-14;2e239;2e239;6813.16;1
f741682010;c2b27;2024-07-30;f9d9e;f9d9e;2251.57;6
192d0be87a;bfa74;2024-02-29;7b192;7b192;365.39;9
71e3b70c85;dd7e9;2024-04-09;ee276;ee276;3420.54;7
1f0154ecc0;c9773;2024-01-07;a0225;a0225;3296.59;9
a4e41743b4;be6d8;2024-01-15;100b7;100b7;4623.39;9
6977ef66c5;0848c;2024-06-21;ee276;ee276;774.41;2
64de4b261b;61d66;2024-02-03;8917f;8917f;1316.42;2
c0194da7a7;014f1;2024-03-28;9f533;9f533;1025.38;11
a9af9568a7;c5681;2024-04-13;c1614;c1614;1963.37;1
b20296472f;c2b27;2024-04-27;db710;db710;2750.93;1
2b5c996b9b;a8d5a;2024-07-21;d87fe;d87fe;245.62;7
892998b95e;58779;2024-06-18;c0eb1;c0eb1;1210.89;10
48eed95390;9e961;2024-07-21;318c8;318c8;6859.75;3
2dddb22c8f;11f4e;2024-02-20;7f4f3;7f4f3;4880.34;9
80724491a3;57d90;2024-03-04;ee276;ee276;3695.78;11
dd6cf423bf;5b130;2024-07-14;318c8;318c8;60.40;8
1792ff4083;b4efc;2024-05-03;8bb9d;8bb9d;4735.06;5
2dd47215f1;9e961;2024-03-30;96398;96398;830.02;2
5e58b1d64b;c6f19;2024-04-13;c3aae;c3aae;1778.14;10
52bd955404;5b130;2024-02-06;ee276;ee276;1918.01;6
